ex,word,vowel,tap,underlying,vowel_start,dur
s0101a,lordy;,ow,dx_d,d,228.083775,0.060538
s0101a,sporting;,ao,dx_t,t,286.778639,0.044751
s0101b,to;,ih,dx_t,t,107.790335,0.063759
s0101b,to;,ao,dx_t,t,137.058997,0.06229
s0102a,springfield;,ah,dx_d,d,58.718563,0.12
s0102a,started;,aa,dx_t,t,127.840578,0.182122
s0102a,conditioning;,ah,dx_d,d,146.771296,0.074843
s0102a,sort;,ao,dx_t,t,187.559875,0.06
s0102a,kindergarten;,aa,dx_t,t,196.107796,0.113092
s0102a,sporting;,ao,dx_t,t,215.483,0.06
s0102a,started;,aa,dx_t,t,221.929125,0.075867
s0102a,don't;,ih,dx_d,d,263.873119,0.161069
s0102a,buildings;,ih,dx_d,d,482.85437,0.140887
s0102a,shortest;,ao,dx_t,t,520.746563,0.07
s0102a,old;,ow,dx_d,d,574.751562,0.14
s0102a,at;,iy,dx_t,t,587.602028,0.082281
s0102b,to;,eh,dx_t,t,247.230518,0.109874
s0102b,kindergarten;,aa,dx_t,t,329.963292,0.133955
s0102b,building;,ih,dx_d,d,349.305242,0.155438
s0102b,to;,iy,dx_t,t,422.05025,0.139658
s0102b,little;,ah,dx_t,t,540.474056,0.084713
s0103a,it;,iy,dx_t,t,17.330412,0.053526
s0201a,majority;,ao,dx_t,t,192.865,0.05
s0202a,started;,aa,dx_t,t,143.542,0.093913
s0202a,retired;,ay,dx_t,t,198.159,0.079
s0202a,started;,aa,dx_t,t,301.252,0.06
s0202b,at;,uw,dx_t,t,84.805297,0.075703
s0202b,to;,ow,dx_t,t,124.83,0.089
s0202b,children;,ih,dx_d,d,367.617,0.107
s0202b,responsibility;,ih,dx_t,t,383.107,0.11
s0202b,out;,ow,dx_t,t,397.551,0.129
s0202b,to;,ah,dx_t,t,418.702,0.039
s0203a,do;,ah,dx_d,d,109.63115,0.014732
s0203a,did;,uh,dx_d,d,151.814041,0.022665
s0203a,guardian;,aa,dx_d,d,187.030659,0.081029
s0203b,older;,ow,dx_d,d,222.478,0.096535
s0204a,children;,ih,dx_d,d,6.540149,0.136851
s0204a,it;,aen,dx_t,t,81.302,0.118
s0204a,airport;,ao,dx_t,t,83.063,0.077207
s0204a,don't;,ah,dx_d,d,112.838,0.164
s0204a,deviating;,iy,dx_t,t,197.924,0.142
s0204b,toward;,ao,dx_t,t,26.628,0.053
s0204b,older;,ow,dx_d,d,51.284,0.094
s0204b,graduated;,uw,dx_t,t,84.875,0.067
s0204b,older;,ow,dx_d,d,341.761662,0.075362
s0204b,older;,ow,dx_d,d,349.427,0.089647
s0204b,started;,aa,dx_t,t,381.34,0.063
s0204b,it;,ow,dx_t,t,422.489,0.156
s0205a,started;,aa,dx_t,t,252.379125,0.059331
s0205a,spilled;,ih,dx_d,d,253.389125,0.139645
s0205a,older;,ow,dx_d,d,326.214688,0.121216
s0205b,older;,ow,dx_d,d,162.569861,0.064118
s0205b,murder;,ah,dx_d,d,172.003023,0.181947
s0205b,guilty;,ih,dx_t,t,204.494606,0.141183
s0205b,guilty;,ih,dx_t,t,215.417373,0.125521
s0205b,killed;,ih,dx_d,d,244.219873,0.150724
s0205b,told;,ow,dx_d,d,307.601075,0.055805
s0205b,ought;,ih,dx_t,t,313.045591,0.088035
s0206a,older;,ow,dx_d,d,62.383123,0.081627
s0206a,to;,ey,dx_t,t,76.296313,0.136702
s0206a,started;,aa,dx_t,t,123.929469,0.104184
s0206a,deported;,ow,dx_t,t,228.580676,0.110043
s0206a,to;,ih,dx_t,t,422.054278,0.017549
s0301a,courthouse;,ow,dx_t,t,80.811,0.058
s0301a,society;,ay,dx_t,t,97.281,0.064
s0301a,that;,ih,dx_t,t,173.493,0.098618
s0301a,out;,iy,dx_t,t,254.623,0.257
s0302a,forty;,ow,dx_t,t,47.365524,0.103727
s0302a,result;,ao,dx_t,t,362.792037,0.072496
s0302a,hundred;,ah,dx_d,d,422.016906,0.057963
s0302b,toward;,uh,dx_t,t,246.22,0.099
s0302b,child;,ay,dx_d,d,311.652,0.312
s0303a,society;,ay,dx_t,t,338.627,0.07
s0303a,cold;,ow,dx_d,d,398.401,0.102
s0303a,society;,ay,dx_t,t,448.101,0.12
s0303b,does;,ah,dx_d,d,79.462,0.127784
s0303b,to;,aa,dx_t,t,123.585,0.03
s0303b,according;,ao,dx_d,d,180.127,0.07
s0304a,sort;,ah,dx_t,t,189.275515,0.047597
s0304a,don't;,uw,dx_d,d,277.509925,0.15979
s0304a,part;,aa,dx_t,t,306.924102,0.153055
s0304a,sort;,ao,dx_t,t,355.646438,0.06
s0304b,older;,ow,dx_d,d,126.114847,0.145611
s0304b,old;,ow,dx_d,d,130.208041,0.125817
s0304b,starting;,aa,dx_t,t,138.001205,0.138258
s0304b,to;,ao,dx_t,t,141.297902,0.032858
s0304b,to;,aa,dx_t,t,192.540076,0.043457
s0304b,at;,ih,dx_t,t,294.798288,0.072529
s0305a,elders;,eh,dx_d,d,19.704028,0.202512
s0305a,elders;,eh,dx_d,d,22.431209,0.196885
s0305a,garden;,aa,dx_d,d,73.542241,0.141722
s0305a,that;,ah,dx_t,t,100.033752,0.156192
s0305a,court;,ao,dx_t,t,435.919131,0.073725
s0306a,started;,aa,dx_t,t,93.199738,0.07455
s0401a,graduated;,uw,dx_t,t,92.294,0.14
s0401a,to;,ih,dx_t,t,121.736339,0.109375
s0401a,started;,aa,dx_t,t,183.515481,0.080462
s0401a,older;,ow,dx_d,d,445.869912,0.104088
s0401a,that;,ey,dx_t,t,479.202508,0.096492
s0401a,don't;,ah,dx_d,d,500.475,0.129
s0401a,don't;,uw,dx_d,d,541.271,0.098
s0401b,at;,iy,dx_t,t,203.260907,0.100218
s0401b,started;,aa,dx_t,t,210.449611,0.077306
s0401b,to;,eh,dx_t,t,210.929125,0.081
s0401b,saturday;,ae,dx_t,t,322.024125,0.151
s0401b,to;,ao,dx_t,t,346.798125,0.077
s0401b,start;,aa,dx_t,t,441.895535,0.08159
s0401b,to;,ao,dx_t,t,453.394125,0.088
s0402a,don't;,ah,dx_d,d,67.611,0.1546
s0402a,eater;,iy,dx_t,t,150.106,0.193
s0402a,did;,ah,dx_d,d,374.413008,0.050992
s0402a,don't;,ow,dx_d,d,432.53,0.118
s0402a,don't;,ah,dx_d,d,523.895,0.194
s0402a,didn't;,ih,dx_d,d,535.861005,0.021532
s0402b,start;,aa,dx_t,t,287.619625,0.082
s0402b,don't;,ow,dx_d,d,504.956625,0.129
s0403a,told;,ow,dx_d,d,148.973,0.076
s0403a,don't;,ay,dx_d,d,196.668,0.092019
s0403a,afford;,ow,dx_d,d,206.156,0.1
s0403a,at;,iy,dx_t,t,305.732,0.1
s0403a,child;,aa,dx_d,d,314.914,0.119
s0403a,older;,ih,dx_d,d,316.609,0.257
s0403a,don't;,ay,dx_d,d,351.900273,0.171693
s0403a,don't;,ih,dx_d,d,446.108,0.073156
s0403a,child;,aa,dx_d,d,471.017,0.071
s0403a,don't;,ah,dx_d,d,559.936062,0.127938
s0403a,doesn't;,iy,dx_d,d,585.052,0.140825
s0403b,it;,uw,dx_t,t,18.535782,0.091468
s0403b,don't;,ow,dx_d,d,150.85125,0.15
s0403b,had;,iy,dx_d,d,195.24725,0.102
s0403b,told;,ow,dx_d,d,203.36725,0.079
s0403b,oldest;,ow,dx_d,d,298.808022,0.092361
s0403b,together;,ih,dx_t,t,311.22525,0.06
s0403b,older;,ow,dx_d,d,326.347118,0.072132
s0403b,don't;,ow,dx_d,d,382.24625,0.109
s0403b,saturday;,ae,dx_t,t,418.037098,0.152152
s0403b,to;,ahn,dx_t,t,454.97525,0.15
s0404a,don't;,ah,dx_d,d,52.368,0.11
s0404a,don't;,ow,dx_d,d,129.502096,0.112904
s0501a,artist;,aa,dx_t,t,170.034282,0.067996
s0501a,sort;,ao,dx_t,t,175.164232,0.05729
s0501a,artists;,aa,dx_t,t,348.659192,0.091228
s0501a,artists;,aa,dx_t,t,351.486708,0.069129
s0501a,older;,ow,dx_d,d,353.067058,0.079328
s0501a,artists;,aa,dx_t,t,355.147875,0.125663
s0501a,don't;,oy,dx_d,d,433.736397,0.105433
s0501a,to;,ey,dx_t,t,466.439352,0.086128
s0501a,artists;,aa,dx_t,t,490.33126,0.04873
s0501a,to;,ao,dx_t,t,546.955565,0.07283
s0501a,artists;,aa,dx_t,t,553.345596,0.109841
s0501b,sort;,ao,dx_t,t,69.616875,0.081354
s0501b,started;,aa,dx_t,t,478.345006,0.061708
s0501b,artist;,aa,dx_t,t,519.837616,0.069737
s0502a,to;,iy,dx_t,t,51.190256,0.080473
s0502a,don't;,ow,dx_d,d,200.989003,0.113603
s0502b,started;,aa,dx_t,t,12.076127,0.087262
s0502b,don't;,ow,dx_d,d,208.27758,0.079546
s0502b,don't;,eh,dx_d,d,242.402499,0.175849
s0502b,sort;,ao,dx_t,t,356.027819,0.069807
s0502b,hard;,aa,dx_d,d,384.670062,0.093027
s0502b,converted;,ah,dx_t,t,507.181584,0.086695
s0503a,didn't;,ow,dx_d,d,104.183237,0.153273
s0503a,don't;,oy,dx_d,d,197.032241,0.116634
s0503a,it;,oy,dx_t,t,208.043356,0.047582
s0503a,court;,ao,dx_t,t,223.598026,0.069724
s0503a,part;,aa,dx_t,t,449.741658,0.068352
s0503a,part;,aa,dx_t,t,452.70978,0.108742
s0503a,it;,iy,dx_t,t,547.805751,0.061383
s0503b,don't;,ow,dx_d,d,382.291973,0.129024
s0504a,part;,aa,dx_t,t,164.639169,0.046869
s0601a,older;,ow,dx_d,d,121.332258,0.07931
s0601a,part;,aa,dx_t,t,240.639287,0.118365
s0601a,part;,aa,dx_t,t,258.992626,0.098562
s0601a,started;,aa,dx_t,t,259.687234,0.059958
s0601a,end;,ih,dx_d,d,313.908308,0.12398
s0601a,party;,aa,dx_t,t,458.50055,0.110097
s0601b,party;,aa,dx_t,t,30.425001,0.114487
s0601b,told;,ow,dx_d,d,109.311126,0.04368
s0602a,don't;,ae,dx_d,d,169.757503,0.171972
s0602a,sort;,uh,dx_t,t,317.78791,0.080335
s0602a,parties;,aa,dx_t,t,466.408143,0.149776
s0602a,parties;,aa,dx_t,t,467.006534,0.108409
s0602a,parties;,aa,dx_t,t,527.692509,0.103828
s0602b,out;,ay,dx_t,t,2.23,0.14
s0602b,to;,ay,dx_t,t,21.646063,0.085371
s0602b,quarter;,ao,dx_t,t,398.637663,0.069712
s0602b,quarter;,ao,dx_t,t,416.966175,0.109782
s0701a,start;,aa,dx_t,t,52.864375,0.088045
s0701a,children;,ih,dx_d,d,241.409231,0.115871
s0701a,oldest;,ow,dx_d,d,316.932813,0.069483
s0701a,grandchild;,ay,dx_d,d,319.712813,0.10288
s0701a,don't;,ow,dx_d,d,441.723865,0.134376
s0701a,don't;,ae,dx_d,d,442.401633,0.118682
s0701a,sort;,ao,dx_t,t,519.997391,0.058484
s0701a,told;,ow,dx_d,d,554.763688,0.048592
s0701b,don't;,ah,dx_d,d,220.316858,0.087093
s0701b,it;,uw,dx_t,t,253.845562,0.074011
s0701b,didn't;,ih,dx_d,d,425.859562,0.149675
s0701b,opportunity;,uwn,dx_t,t,593.451516,0.083861
s0702a,eight;,iy,dx_t,t,18.82014,0.133227
s0702a,thrilled;,ah,dx_d,d,31.333802,0.067885
s0702a,started;,aa,dx_t,t,63.737577,0.063298
s0702a,forty;,ao,dx_t,t,138.859273,0.042431
s0702a,don't;,ow,dx_t,t,269.306772,0.111053
s0702a,forty;,ao,dx_t,t,276.939346,0.061815
s0702a,it;,ow,dx_t,t,293.054375,0.106783
s0702a,old;,ow,dx_d,d,333.189324,0.09374
s0702a,wanted;,ao,dx_t,t,336.349392,0.061292
s0702a,sold;,ow,dx_d,d,374.451121,0.054625
s0702a,it;,ih,dx_t,t,392.159115,0.137132
s0702a,eight;,iy,dx_t,t,425.450747,0.163874
s0702a,to;,eh,dx_t,t,438.547812,0.090557
s0702a,forty;,ao,dx_t,t,454.930993,0.064007
s0702a,built;,ih,dx_t,t,461.836749,0.071626
s0702a,forty;,ao,dx_t,t,497.2255,0.057121
s0702a,hard;,aa,dx_d,d,526.169,0.09
s0702b,old;,ow,dx_d,d,33.801669,0.129239
s0702b,didn't;,ah,dx_d,d,48.207453,0.132316
s0702b,guard;,aa,dx_d,d,92.846,0.13716
s0702b,hard;,aa,dx_d,d,213.405651,0.148884
s0702b,artists;,aa,dx_t,t,318.735509,0.106003
s0702b,started;,aa,dx_t,t,327.111873,0.088161
s0702b,artists;,aa,dx_t,t,345.616025,0.086599
s0702b,didn't;,ah,dx_d,d,349.26712,0.10802
s0702b,had;,iy,dx_d,d,351.553855,0.064903
s0702b,artists;,aa,dx_t,t,373.324589,0.058112
s0702b,to;,ow,dx_t,t,389.908195,0.084308
s0702b,had;,ay,dx_d,d,404.34486,0.076997
s0702b,order;,ao,dx_d,d,538.579528,0.142433
s0703a,it;,uh,dx_t,t,11.033687,0.04607
s0703a,don't;,ow,dx_t,t,37.782337,0.197288
s0703a,don't;,ow,dx_t,t,99.700956,0.25858
s0703a,don't;,ow,dx_t,t,244.339878,0.13389
s0703a,quarter;,ao,dx_t,t,342.448017,0.064358
s0703a,started;,aa,dx_t,t,415.228922,0.080779
s0703b,do;,ah,dx_d,d,28.300303,0.037104
s0703b,weird;,iy,dx_d,d,106.585037,0.060766
s0703b,out;,iy,dx_t,t,152.330287,0.045171
s0703b,oldest;,ow,dx_d,d,522.047242,0.080257
s0703b,don't;,iy,dx_d,d,548.776347,0.103563
s0703b,old;,ow,dx_d,d,573.102313,0.089999
s0703b,sold;,ow,dx_d,d,577.448501,0.059999
s0704a,skateboarding;,ow,dx_d,d,100.279721,0.0564
s0704a,sold;,ow,dx_d,d,123.37,0.08288
s0704a,didn't;,ow,dx_d,d,142.003702,0.080303
s0704a,don't;,ey,dx_d,d,166.950363,0.134863
s0704a,to;,aan,dx_t,t,169.437121,0.070754
s0704a,party;,aa,dx_t,t,201.604683,0.070282
s0801a,italy;,eh,dx_t,t,244.000417,0.16569
s0801b,skirt;,ih,dx_t,t,18.919843,0.118992
s0801b,scioto;,ay,dx_t,t,48.558988,0.174522
s0801b,to;,eh,dx_t,t,57.801965,0.067996
s0801b,better;,ow,dx_t,t,67.604625,0.226799
s0801b,don't;,iy,dx_d,d,255.701945,0.113618
s0801b,what;,ah,dx_t,t,472.235582,0.078355
s0802a,to;,eh,dx_t,t,130.726091,0.065626
s0802a,started;,aa,dx_t,t,549.59686,0.051042
s0802b,started;,aa,dx_t,t,26.16682,0.06843
s0802b,don't;,ae,dx_d,d,283.050503,0.128083
s0802b,don't;,ow,dx_d,d,453.926438,0.25
s0802b,it;,uw,dx_t,t,490.191624,0.100001
s0803a,weird;,iy,dx_d,d,1.088125,0.16
s0803b,to;,iy,dx_t,t,27.042125,0.102848
s0803b,part;,aa,dx_t,t,212.028008,0.05243
s0803b,don't;,ae,dx_d,d,271.160295,0.211596
s0803b,heartedly;,aa,dx_t,t,351.94075,0.102878
s0803b,part;,aa,dx_t,t,407.840022,0.037929
s0803b,to;,ow,dx_t,t,505.889469,0.091094
s0804a,don't;,ah,dx_d,d,107.74022,0.117335
s0804a,it;,iy,dx_t,t,168.948125,0.08626
s0901a,quarter;,ao,dx_t,t,66.488923,0.033633
s0901a,sort;,ao,dx_t,t,110.500937,0.059821
s0901a,sort;,ao,dx_t,t,115.757099,0.061597
s0901a,sort;,ao,dx_t,t,199.045668,0.052679
s0901a,sort;,ao,dx_t,t,244.515343,0.026417
s0901a,sort;,ao,dx_t,t,247.582938,0.044977
s0901a,sort;,ao,dx_t,t,344.169519,0.049609
s0901a,quarter;,ao,dx_t,t,350.214694,0.075594
s0901a,sort;,ao,dx_t,t,358.537143,0.066145
s0901a,sort;,ao,dx_t,t,398.898187,0.079492
s0901a,sort;,ao,dx_t,t,401.993164,0.048443
s0901a,hardest;,aa,dx_d,d,426.045128,0.066145
s0901a,sort;,ao,dx_t,t,472.573023,0.080496
s0901a,quarter;,ao,dx_t,t,505.653478,0.071217
s0901a,quarters;,ao,dx_t,t,510.88541,0.055957
s0901a,it;,uw,dx_t,t,512.556477,0.071217
s0901a,had;,aa,dx_d,d,512.711629,0.105871
s0901a,quarter;,ao,dx_t,t,534.768675,0.051909
s0901a,quarter;,ao,dx_t,t,544.002927,0.085561
s0901a,sort;,ao,dx_t,t,582.823192,0.060463
s0901b,sort;,ow,dx_t,t,131.235384,0.073228
s0901b,sort;,ow,dx_t,t,233.213176,0.065092
s0901b,sort;,ow,dx_t,t,260.240003,0.045429
s0901b,out;,ey,dx_t,t,360.904813,0.182684
s0901b,sort;,ao,dx_t,t,395.635864,0.052887
s0901b,held;,eh,dx_d,d,427.627328,0.077297
s0901b,sort;,ao,dx_t,t,465.315716,0.043395
s0902a,skilled;,ih,dx_d,d,2.028029,0.118658
s0902a,sort;,ao,dx_t,t,5.991737,0.065907
s0902a,sort;,ow,dx_t,t,44.533919,0.058839
s0902a,sort;,ah,dx_t,t,131.08757,0.047624
s0902a,sort;,ao,dx_t,t,251.729875,0.056278
s0902a,out;,ow,dx_t,t,315.333777,0.127787
s0902a,sort;,ow,dx_t,t,388.716427,0.051677
s0902b,sort;,ow,dx_t,t,101.720136,0.042712
s0902b,sort;,ao,dx_t,t,243.889654,0.048141
s0903a,had;,uw,dx_d,d,0.962109,0.091987
s0903a,sort;,ao,dx_t,t,29.104313,0.088499
s0903a,sort;,ow,dx_t,t,73.345451,0.059903
s0903a,sort;,ao,dx_t,t,126.992875,0.086499
s0903a,sort;,ao,dx_t,t,130.5335,0.06
s0903a,sort;,ao,dx_t,t,279.200669,0.073447
s0903a,sort;,ao,dx_t,t,302.840876,0.043848
s0903a,sort;,ao,dx_t,t,355.716195,0.076736
s0903a,little;,ih,dx_t,t,466.023788,0.096774
s0903a,part;,aa,dx_t,t,587.29175,0.056863
s0903b,sort;,ao,dx_t,t,43.47075,0.076601
s0903b,bombarded;,aa,dx_d,d,222.415473,0.062251
s0903b,toward;,ao,dx_d,d,384.793784,0.039584
s0903b,starting;,aa,dx_t,t,391.302116,0.081251
s0903b,sort;,ao,dx_t,t,492.289937,0.06
s1001a,northland;,ah,dx_d,d,93.274171,0.054557
s1001a,don't;,ih,dx_d,d,254.038634,0.192491
s1001a,at;,ow,dx_t,t,288.800865,0.149424
s1001a,departing;,aa,dx_t,t,347.328955,0.121595
s1001a,airport;,ow,dx_t,t,421.439408,0.090342
s1001a,at;,ow,dx_t,t,522.6948,0.072136
s1001a,eight;,ow,dx_t,t,523.548056,0.052069
s1002a,altitude;,aa,dx_t,t,5.095813,0.06
s1002a,don't;,ow,dx_d,d,14.173801,0.127783
s1002a,and;,ow,dx_d,d,25.21873,0.161645
s1002a,don't;,eh,dx_d,d,91.88625,0.249216
s1002a,don't;,aa,dx_d,d,127.777467,0.166533
s1002a,would;,ay,dx_d,d,189.747256,0.076619
s1002a,forties;,ow,dx_t,t,220.730615,0.08551
s1002a,started;,aa,dx_t,t,366.499585,0.101852
s1002a,smart;,aa,dx_t,t,400.4405,0.08
s1002a,report;,ow,dx_t,t,410.286685,0.103051
s1002a,started;,aa,dx_t,t,417.00247,0.148393
s1002a,started;,aa,dx_t,t,418.204038,0.13515
s1002a,started;,aa,dx_t,t,419.139188,0.124207
s1002a,little;,ah,dx_t,t,427.826875,0.08244
s1002a,start;,aa,dx_t,t,438.651277,0.173723
s1002a,at;,ih,dx_t,t,458.415264,0.046372
s1002a,children;,ah,dx_d,d,532.502239,0.047403
s1002a,to;,eh,dx_t,t,542.742125,0.093658
s1003a,dealer;,aa,dx_d,d,149.242146,0.076354
s1003a,disney;,ow,dx_d,d,179.208362,0.091075
s1003a,to;,aa,dx_t,t,442.940562,0.068399
s1003a,quarter;,ao,dx_t,t,447.144812,0.066541
s1003a,children;,ih,dx_d,d,474.181543,0.11552
s1003a,yard;,aa,dx_d,d,522.468846,0.224651
s1003a,out;,iyn,dx_t,t,539.35199,0.127783
s1003a,just;,ah,dx_t,t,597.599062,0.09
s1004a,mentally;,eh,dx_t,t,127.974469,0.060531
s1101a,partying;,aa,dx_t,t,62.197188,0.156749
s1101a,lived;,ih,dx_d,d,80.304562,0.08
s1101b,heart;,ah,dx_t,t,169.052984,0.066983
s1101b,to;,eh,dx_t,t,178.042061,0.066983
s1101b,oldest;,iy,dx_d,d,223.217248,0.178658
s1101b,older;,ay,dx_d,d,290.464418,0.177244
s1101b,quarterbacks;,ow,dx_t,t,402.180502,0.042685
s1101b,quarters;,ao,dx_t,t,487.291281,0.08141
s1102a,at;,ow,dx_t,t,15.012063,0.200592
s1102a,fort;,ao,dx_t,t,370.132689,0.096868
s1102a,borderline;,ao,dx_d,d,458.054862,0.048434
s1102b,to;,ah,dx_t,t,222.39525,0.094042
s1102b,reality;,ae,dx_t,t,290.196422,0.103051
s1102b,wilderness;,ih,dx_d,d,301.591722,0.101965
s1102b,individual;,ih,dx_d,d,320.108832,0.065087
s1102b,fort;,ao,dx_t,t,335.500688,0.08
s1103a,building;,ih,dx_d,d,22.95012,0.11
s1103a,it;,eh,dx_t,t,78.264175,0.102021
s1103a,would;,ah,dx_d,d,520.856695,0.08155
s1103b,started;,ah,dx_t,t,143.169563,0.077854
s1103b,started;,aa,dx_t,t,163.214188,0.11
s1103b,authority;,ow,dx_t,t,346.680134,0.119535
s1104a,started;,ah,dx_t,t,36.034486,0.085171
s1104a,started;,ah,dx_t,t,340.046063,0.14
s1104a,smartest;,aa,dx_t,t,362.709312,0.129966
s1104a,eighty;,eh,dx_t,t,398.193947,0.136928
s1104a,it;,aa,dx_t,t,496.836759,0.127803
s1104b,killed;,ih,dx_d,d,54.96238,0.12
s1104b,articles;,aa,dx_t,t,127.70763,0.052651
s1104b,out;,ow,dx_t,t,208.844701,0.182396
s1104b,mailed;,eh,dx_d,d,293.193362,0.10311
s1201a,don't;,ey,dx_d,d,28.948066,0.145886
s1201a,divorced;,uh,dx_d,d,43.171512,0.06444
s1201a,grandchild;,ay,dx_d,d,64.693847,0.105044
s1201a,oldest;,ow,dx_d,d,69.3835,0.08373
s1201a,saturday;,ae,dx_t,t,328.191928,0.069696
s1201a,otterbein;,ah,dx_t,t,492.030021,0.135072
s1201b,it;,ay,dx_t,t,33.738437,0.120783
s1201b,it;,uw,dx_t,t,39.720437,0.099849
s1201b,older;,ow,dx_d,d,115.38756,0.081674
s1201b,fold;,ow,dx_d,d,364.09271,0.065701
s1201b,don't;,ow,dx_d,d,379.46829,0.152531
s1202a,supportive;,ao,dx_t,t,213.233714,0.140786
s1202b,party;,aa,dx_t,t,184.419825,0.073406
s1202b,don't;,ay,dx_d,d,227.010188,0.158945
s1202b,children;,ah,dx_d,d,247.165286,0.085317
s1202b,hard;,aa,dx_d,d,258.396322,0.104942
s1202b,into;,ih,dx_t,t,304.551347,0.066653
s1203a,don't;,ow,dx_d,d,584.245625,0.13
s1203a,it;,iy,dx_t,t,584.825483,0.072507
s1203b,don't;,eh,dx_d,d,13.574602,0.137898
s1203b,theaters;,iy,dx_t,t,54.017157,0.100993
s1203b,don't;,ay,dx_d,d,152.746389,0.154628
s1203b,forty;,ow,dx_t,t,384.645672,0.052874
s1203b,already;,aa,dx_d,d,473.293037,0.067551
s1204a,don't;,ah,dx_d,d,109.787532,0.178399
s1301a,out;,aa,dx_t,t,204.792397,0.143171
s1301a,resulting;,ah,dx_t,t,259.7745,0.19
s1301a,already;,ao,dx_d,d,303.778214,0.098435
s1301a,disabilities;,ih,dx_t,t,338.253276,0.149586
s1301a,it;,ey,dx_t,t,399.211969,0.071929
s1301a,forty;,ao,dx_t,t,434.030265,0.05921
s1301a,shoulder;,ow,dx_d,d,471.115062,0.130355
s1301a,older;,ow,dx_d,d,503.550188,0.125749
s1301a,don't;,ay,dx_d,d,523.397063,0.222187
s1302b,it;,ao,dx_t,t,9.974253,0.057835
s1302b,don't;,iyn,dx_d,d,249.60694,0.132254
s1302b,to;,ae,dx_t,t,258.890373,0.054843
s1302b,it;,uw,dx_t,t,390.54472,0.054396
s1302b,older;,iy,dx_d,d,465.69207,0.224087
s1302b,spirituality;,ae,dx_t,t,522.96028,0.080276
s1302b,christianity;,aen,dx_t,t,528.292379,0.17202
s1302b,christianity;,aen,dx_t,t,532.195375,0.14679
s1302b,at;,ihn,dx_t,t,560.939809,0.152282
s1303a,build;,ih,dx_d,d,39.214461,0.154766
s1303a,build;,ih,dx_d,d,42.404624,0.124165
s1303a,that;,eh,dx_t,t,137.045025,0.121156
s1303a,it;,ao,dx_t,t,163.148164,0.104261
s1303a,don't;,ay,dx_d,d,235.620186,0.12508
s1303a,that;,eh,dx_t,t,252.343177,0.024445
s1303a,don't;,iy,dx_d,d,273.635112,0.146191
s1303a,to;,ih,dx_t,t,434.388967,0.191415
s1303a,part;,aa,dx_t,t,546.599775,0.088395
s1401a,to;,uw,dx_t,t,131.674437,0.062652
s1401a,retired;,ay,dx_d,d,198.379714,0.110264
s1401a,older;,ow,dx_d,d,258.97375,0.051842
s1401a,children;,ih,dx_d,d,262.652063,0.084369
s1401a,children;,ih,dx_d,d,266.90104,0.043963
s1401a,hardest;,aa,dx_d,d,316.490446,0.107173
s1401a,hardest;,aa,dx_d,d,317.635335,0.106143
s1401a,to;,aan,dx_t,t,351.627159,0.062861
s1401a,forty;,ow,dx_t,t,537.882001,0.109234
s1401a,hard;,aa,dx_d,d,541.449601,0.150212
s1401a,forty;,ow,dx_t,t,565.140862,0.16076
s1401b,board;,ao,dx_d,d,26.996682,0.069881
s1401b,compared;,eh,dx_d,d,28.48188,0.081652
s1401b,don't;,ah,dx_d,d,135.4305,0.092307
s1401b,into;,ih,dx_t,t,283.2125,0.103666
s1401b,to;,ih,dx_t,t,462.919433,0.094442
s1401b,current;,ih,dx_t,t,559.881437,0.040558
s1401b,divided;,ao,dx_d,d,577.642018,0.085532
s1401b,starting;,aa,dx_t,t,591.58625,0.08
s1401b,part;,aa,dx_t,t,699.059125,0.105316
s1401b,party;,aa,dx_t,t,737.658295,0.142642
s1402a,admired;,ay,dx_d,d,1.836357,0.060077
s1402a,admired;,aa,dx_d,d,2.138782,0.113781
s1402a,party;,aa,dx_t,t,9.364016,0.091159
s1402a,party;,aa,dx_t,t,18.741797,0.130579
s1402a,party;,aa,dx_t,t,52.111125,0.107433
s1402a,to;,ih,dx_t,t,61.838342,0.043116
s1402a,party;,aa,dx_t,t,149.205162,0.068598
s1402a,to;,iy,dx_t,t,158.718166,0.122191
s1402a,party;,aa,dx_t,t,240.425335,0.075148
s1402a,to;,iy,dx_t,t,242.495437,0.085812
s1402a,started;,aa,dx_t,t,317.75701,0.114044
s1402a,heard;,ah,dx_d,d,387.362675,0.049464
s1402a,gender;,eh,dx_d,d,414.956812,0.101659
s1402a,party;,aa,dx_t,t,417.755296,0.085454
s1402a,old;,ow,dx_d,d,545.386167,0.089654
s1402a,supported;,ow,dx_t,t,548.540536,0.107173
s1402a,to;,ao,dx_t,t,584.396539,0.053587
s1403a,party;,aa,dx_t,t,22.463072,0.089803
s1403a,to;,ah,dx_t,t,66.339826,0.088624
s1403a,carter;,aa,dx_t,t,85.458375,0.12
s1403a,added;,iy,dx_d,d,121.131195,0.265094
s1403a,don't;,ow,dx_d,d,131.217448,0.117908
s1403a,president;,eh,dx_d,d,138.685993,0.045897
s1403a,to;,ih,dx_t,t,343.513691,0.09058
s1403a,don't;,ah,dx_d,d,392.577327,0.087183
s1403a,part;,aa,dx_t,t,466.13764,0.079258
s1403b,don't;,ah,dx_d,d,8.225136,0.167573
s1403b,hard;,aa,dx_d,d,41.440235,0.11
s1403b,part;,aa,dx_t,t,173.561257,0.069056
s1403b,wouldn't;,uh,dx_d,d,192.804756,0.063179
s1403b,wouldn't;,ah,dx_d,d,193.847715,0.039352
s1403b,wouldn't;,uh,dx_d,d,197.443635,0.06582
s1403b,don't;,ao,dx_d,d,265.224516,0.115196
s1403b,friend;,eh,dx_d,d,298.983093,0.076911
s1403b,part;,aa,dx_t,t,378.650461,0.049167
s1403b,told;,ow,dx_d,d,402.163607,0.074796
s1501a,mansfield;,ih,dx_d,d,14.655768,0.085923
s1501a,and;,iy,dx_d,d,35.345062,0.07
s1501a,mansfield;,iy,dx_d,d,58.545812,0.13212
s1501a,recorded;,ow,dx_d,d,110.7457,0.089654
s1501a,don't;,ah,dx_d,d,115.811688,0.165874
s1501a,mansfield;,iy,dx_d,d,140.371688,0.11
s1501a,childhood;,aa,dx_d,d,181.412436,0.085533
s1501a,mansfield;,ih,dx_d,d,183.613875,0.1378
s1501a,mansfield;,ih,dx_d,d,201.785475,0.112325
s1501a,sort;,ah,dx_t,t,203.341537,0.078318
s1501a,quarter;,ow,dx_t,t,392.773413,0.108695
s1501a,to;,eh,dx_t,t,403.016261,0.103604
s1501a,building;,ih,dx_d,d,462.12475,0.100377
s1501a,didn't;,ah,dx_d,d,471.999474,0.14919
s1502a,out;,ow,dx_t,t,5.429553,0.171197
s1502a,hardest;,aa,dx_d,d,31.378212,0.067
s1502a,start;,ah,dx_t,t,106.558319,0.100618
s1502a,don't;,ay,dx_d,d,175.179824,0.127783
s1502a,out;,ow,dx_t,t,256.812694,0.213067
s1502a,into;,eh,dx_t,t,281.494116,0.06183
s1502a,understand;,ah,dx_d,d,307.650942,0.052556
s1502a,shared;,eh,dx_d,d,352.786968,0.056845
s1502a,don't;,ehn,dx_d,d,359.47802,0.070074
s1502a,don't;,ay,dx_d,d,363.028104,0.175709
s1502a,part;,aa,dx_t,t,384.894344,0.079343
s1502a,doesn't;,ih,dx_t,t,479.650722,0.083466
s1502a,together;,ih,dx_t,t,498.634649,0.058739
s1503a,don't;,eh,dx_d,d,118.50025,0.195606
s1503a,don't;,ae,dx_d,d,127.64062,0.147362
s1503a,it;,ae,dx_t,t,397.343121,0.058739
s1503a,at;,uw,dx_t,t,426.777376,0.075374
s1503a,beautiful;,uw,dx_t,t,519.71226,0.083471
s1503a,dirty;,ah,dx_t,t,571.021875,0.17637
s1503a,started;,ah,dx_t,t,578.932984,0.078533
s1503a,it;,iy,dx_t,t,612.270996,0.091691
s1601a,part;,aa,dx_t,t,73.571,0.058
s1601a,start;,aa,dx_t,t,93.024,0.1
s1601a,seventy;,ahn,dx_t,t,186.815,0.062
s1601a,friend;,eh,dx_d,d,211.384,0.08
s1601a,it;,ey,dx_t,t,227.227,0.098
s1601a,it;,ow,dx_t,t,326.748,0.05
s1601a,chart;,aa,dx_t,t,417.377,0.09
s1601a,into;,ih,dx_t,t,452.134,0.083
s1601a,seventy;,ah,dx_t,t,491.421,0.07
s1602a,creative;,iy,dx_t,t,40.72,0.176
s1602a,had;,ih,dx_d,d,68.607,0.12
s1602a,creative;,iy,dx_t,t,110.717,0.134
s1602a,artist;,aa,dx_t,t,164.201,0.1
s1602a,artist;,aa,dx_t,t,182.159,0.154
s1602a,to;,ey,dx_t,t,200.724,0.089
s1602a,fired;,ay,dx_d,d,237.751,0.172
s1602a,kindergarten;,aa,dx_t,t,444.199,0.085
s1602a,sort;,ao,dx_t,t,505.547,0.066
s1602a,associate;,ih,dx_t,t,513.655,0.114
s1602a,had;,ih,dx_d,d,539.687,0.09
s1603a,it;,ey,dx_t,t,62.334,0.044
s1603a,started;,aa,dx_t,t,73.357,0.08
s1603a,to;,ah,dx_t,t,89.347,0.135
s1603a,out;,ow,dx_t,t,117.347,0.143
s1603a,to;,ey,dx_t,t,121.344,0.076
s1603a,don't;,ow,dx_d,d,143.406,0.117
s1603a,eat;,iy,dx_t,t,170.383,0.12
s1603a,eighty;,ih,dx_t,t,241.47,0.19
s1603a,society;,ay,dx_t,t,293.106,0.1
s1603a,sort;,ao,dx_t,t,329.302,0.06
s1603a,forty;,ao,dx_t,t,397.553,0.09
s1603a,to;,ay,dx_t,t,405.595,0.077
s1603a,end;,eh,dx_d,d,463.001,0.08
s1603a,part;,aa,dx_t,t,533.231,0.048
s1604a,forty;,ow,dx_t,t,101.493312,0.08
s1604a,tend;,eh,dx_d,d,244.168355,0.071395
s1604a,into;,ih,dx_t,t,357.11925,0.09
s1604a,to;,ih,dx_t,t,392.891812,0.089974
s1604a,starting;,aa,dx_t,t,456.17475,0.07
s1604a,starting;,aa,dx_t,t,457.21475,0.06
s1604a,out;,uw,dx_t,t,494.987803,0.116822
s1604a,about;,uh,dx_t,t,510.740438,0.047734
s1604a,part;,aa,dx_t,t,579.420875,0.09
s1604a,to;,ay,dx_t,t,596.885437,0.14
s1604a,it;,aw,dx_t,t,615.475803,0.114829
s1701a,started;,aa,dx_t,t,80.842,0.104267
s1701a,fault;,ao,dx_t,t,267.43,0.071
s1701a,society;,ay,dx_t,t,276.304,0.09
s1701b,started;,aa,dx_t,t,0.335533,0.071042
s1702b,part;,aa,dx_t,t,47.730875,0.074
s1702b,society;,ay,dx_t,t,346.039875,0.102
s1703b,part;,aa,dx_t,t,3.377472,0.071215
s1703b,don't;,ey,dx_d,d,51.678,0.163
s1703b,sort;,ao,dx_t,t,80.123,0.077
s1801a,forty;,ao,dx_t,t,76.989497,0.04873
s1801a,old;,ow,dx_d,d,77.604867,0.089528
s1801a,horticulture;,ao,dx_t,t,96.12023,0.049959
s1801a,parties;,aa,dx_t,t,246.447926,0.134894
s1801a,party;,aa,dx_t,t,266.625842,0.087236
s1801a,parties;,aa,dx_t,t,329.82643,0.094208
s1801a,parties;,aa,dx_t,t,341.818063,0.08
s1801a,it;,ae,dx_t,t,346.542,0.13
s1801a,parties;,aa,dx_t,t,356.288328,0.089234
s1801a,sold;,ow,dx_d,d,420.175457,0.078126
s1801a,out;,iy,dx_t,t,439.778313,0.188682
s1801a,florida;,ow,dx_d,d,453.642134,0.077544
s1801a,party;,aa,dx_t,t,463.137293,0.061677
s1801a,thirty;,ah,dx_t,t,488.11316,0.091911
s1801a,florida;,ao,dx_d,d,513.778362,0.114889
s1801b,at;,uw,dx_t,t,90.665812,0.061407
s1801b,at;,uw,dx_t,t,130.820829,0.062224
s1801b,part;,aa,dx_t,t,145.238971,0.032602
s1801b,eat;,iy,dx_t,t,201.541703,0.169204
s1801b,started;,aa,dx_t,t,446.790129,0.092015
s1801b,ate;,ay,dx_t,t,502.963687,0.166858
s1801b,started;,aa,dx_t,t,550.853386,0.038854
s1802a,get;,iy,dx_t,t,41.028315,0.06899
s1802a,and;,ow,dx_d,d,69.720611,0.370365
s1802a,dander;,ae,dx_d,d,192.463859,0.043209
s1802a,didn't;,ow,dx_d,d,266.0005,0.11
s1802a,to;,ah,dx_t,t,326.208589,0.078645
s1802a,building;,ih,dx_d,d,499.679313,0.128217
s1802a,florida;,ao,dx_d,d,524.0525,0.050231
s1802b,graduate;,uw,dx_d,d,355.640053,0.051699
s1803a,it;,uw,dx_t,t,132.815062,0.070866
s1803a,children;,ih,dx_d,d,320.904188,0.053131
s1803a,part;,aa,dx_t,t,456.150063,0.12
s1803a,hard;,aa,dx_d,d,465.434563,0.08
s1803b,children;,ih,dx_d,d,575.938027,0.07062
s1804a,children;,ih,dx_d,d,4.36395,0.088057
s1804a,to;,iy,dx_t,t,12.514436,0.100861
s1804a,eighties;,ih,dx_t,t,103.614166,0.251022
s1804a,don't;,ow,dx_d,d,110.417875,0.18
s1804a,it;,ey,dx_t,t,112.2135,0.12
s1804a,don't;,ow,dx_d,d,227.015736,0.118554
s1901a,children;,ih,dx_d,d,206.530938,0.100298
s1901a,had;,iy,dx_d,d,222.347518,0.062232
s1901a,it;,ih,dx_t,t,355.002296,0.117861
s1901a,article;,aa,dx_t,t,493.701188,0.051699
s1902a,days;,uw,dx_d,d,130.145186,0.064833
s1902a,forty;,ao,dx_t,t,239.318733,0.07408
s1902a,older;,ow,dx_d,d,242.96275,0.06
s1902a,lowered;,ow,dx_d,d,494.19322,0.089041
s1902a,did;,eh,dx_d,d,566.367654,0.049721
s1902b,smart;,aa,dx_t,t,313.55059,0.059742
s1902b,sporting;,ao,dx_t,t,350.828562,0.050479
s1902b,spirituality;,ae,dx_t,t,504.626102,0.136898
s1903a,article;,aa,dx_t,t,152.189625,0.1
s1903a,don't;,ah,dx_d,d,503.96423,0.119863
s1903b,quality;,aa,dx_t,t,109.501116,0.078701
s1903b,had;,iy,dx_d,d,215.652309,0.101103
s1903b,community;,uw,dx_t,t,248.706654,0.067211
s1903b,don't;,ay,dx_d,d,449.82575,0.09899
s1904a,children;,ih,dx_d,d,101.228666,0.056663
s1904a,forty;,ao,dx_t,t,167.374406,0.06573
s1904a,forty;,ao,dx_t,t,257.127375,0.06
s1904a,don't;,eh,dx_d,d,359.256333,0.087042
s1904a,don't;,aw,dx_d,d,453.118812,0.084482
s1904b,society;,ay,dx_t,t,100.138994,0.154987
s1904b,society;,ay,dx_t,t,198.756429,0.098374
s1904b,required;,ay,dx_d,d,337.680812,0.070591
s1904b,standard;,ae,dx_d,d,543.591062,0.06553
s2001a,eating;,oy,dx_t,t,168.222402,0.190852
s2001a,sort;,ao,dx_t,t,200.940951,0.056549
s2001a,it;,uw,dx_t,t,206.67708,0.073562
s2001a,don't;,ow,dx_d,d,270.200188,0.072631
s2001a,hard;,aa,dx_d,d,304.296687,0.103089
s2001b,don't;,ay,dx_d,d,62.576478,0.154691
s2001b,forty;,ao,dx_t,t,492.957937,0.059912
s2001b,forty;,ao,dx_t,t,493.31703,0.052697
s2001b,variety;,ay,dx_t,t,549.872375,0.11114
s2002b,thirty;,ah,dx_t,t,357.069545,0.104832
s2002b,forty;,ao,dx_t,t,375.885414,0.079373
s2002b,children;,ih,dx_d,d,455.514402,0.088358
s2003a,don't;,ow,dx_d,d,573.379114,0.110198
s2003a,out;,iy,dx_t,t,587.165302,0.182566
s2003b,children;,ah,dx_d,d,45.76343,0.066119
s2003b,it'll;,ah,dx_t,t,70.881688,0.049837
s2003b,elderly;,eh,dx_d,d,112.528085,0.09869
s2003b,to;,eh,dx_t,t,140.705717,0.098686
s2003b,part;,aa,dx_t,t,151.355251,0.111981
s2003b,at;,iy,dx_t,t,238.215949,0.077303
s2003b,definitely;,eh,dx_t,t,307.512486,0.083882
s2004a,forty;,ao,dx_t,t,283.16543,0.093858
s2004a,forty;,ao,dx_t,t,284.151125,0.065039
s2004a,forty;,ao,dx_t,t,286.054398,0.082412
s2101a,hold;,ow,dx_d,d,140.784443,0.063401
s2101a,kind;,ae,dx_d,d,493.442548,0.076253
s2101a,part;,aa,dx_t,t,549.18554,0.103046
s2101a,part;,aa,dx_t,t,551.574338,0.09265
s2102a,articles;,aa,dx_t,t,203.945117,0.059291
s2102a,don't;,ah,dx_d,d,241.419,0.14
s2201a,quarters;,ao,dx_t,t,84.753759,0.084994
s2201a,forty;,ao,dx_t,t,97.713981,0.09678
s2201a,forty;,ao,dx_t,t,99.335686,0.072988
s2201a,children;,ih,dx_d,d,190.105661,0.086598
s2201a,ultrasound;,ah,dx_t,t,283.445332,0.105081
s2201a,sort;,ah,dx_t,t,287.513812,0.065852
s2201a,oldest;,ow,dx_d,d,324.252794,0.08293
s2201a,building;,ih,dx_d,d,332.216452,0.126097
s2201a,ended;,eh,dx_d,d,374.102728,0.07846
s2201a,forty;,ao,dx_t,t,379.112946,0.065851
s2201a,italy;,eh,dx_t,t,383.816367,0.126043
s2201a,field;,ih,dx_d,d,384.63034,0.120493
s2201a,guard;,aa,dx_d,d,407.127778,0.110159
s2201a,artillery;,iy,dx_t,t,409.158063,0.12
s2201a,field;,ih,dx_d,d,421.925318,0.096557
s2201a,at;,iy,dx_t,t,425.572288,0.117691
s2201a,field;,ih,dx_d,d,465.281305,0.075382
s2201a,out;,iy,dx_t,t,546.68326,0.119092
s2201a,building;,ih,dx_d,d,552.312744,0.168131
s2201b,it;,ao,dx_t,t,9.248956,0.073383
s2201b,started;,aa,dx_t,t,74.094887,0.060907
s2201b,hold;,ow,dx_d,d,138.596625,0.062456
s2201b,headquarters;,ao,dx_t,t,139.752695,0.096024
s2201b,it;,ow,dx_t,t,165.559337,0.059396
s2201b,into;,ih,dx_t,t,182.280226,0.048158
s2201b,started;,aa,dx_t,t,216.563376,0.05921
s2201b,don't;,ah,dx_d,d,255.649233,0.091502
s2201b,don't;,ow,dx_d,d,297.438614,0.125214
s2201b,fortification;,ao,dx_t,t,432.462124,0.053805
s2201b,at;,ih,dx_t,t,446.463691,0.073095
s2201b,started;,aa,dx_t,t,544.707624,0.093481
s2202a,under;,ah,dx_d,d,23.616655,0.087595
s2202a,anybody;,ow,dx_d,d,47.590438,0.066836
s2202a,mauldin;,ao,dx_d,d,141.51975,0.142523
s2202a,according;,ao,dx_d,d,167.330034,0.075109
s2202a,forty;,ao,dx_t,t,276.870817,0.072836
s2202a,forty;,ao,dx_t,t,278.691312,0.054962
s2202a,support;,ao,dx_t,t,321.25675,0.079988
s2202a,thirties;,ah,dx_t,t,457.220541,0.077229
s2202a,grandchildren;,ih,dx_d,d,509.537902,0.115132
s2202a,oldest;,ow,dx_d,d,519.456994,0.068251
s2202a,sort;,ao,dx_t,t,567.433875,0.079625
s2202b,at;,eh,dx_t,t,45.56176,0.104833
s2202b,had;,ih,dx_d,d,148.197442,0.099246
s2202b,down;,ih,dx_d,d,152.220211,0.091564
s2202b,sort;,ao,dx_t,t,196.088114,0.066296
s2202b,buildings;,ih,dx_d,d,368.533386,0.080869
s2202b,sort;,ao,dx_t,t,370.123849,0.039686
s2202b,auto;,aa,dx_t,t,450.012724,0.129464
s2202b,to;,eh,dx_t,t,524.905,0.074398
s2203a,attitude;,iy,dx_t,t,26.755458,0.295556
s2203a,attitude;,ay,dx_t,t,250.925022,0.162486
s2203a,oldest;,ow,dx_d,d,458.535633,0.079373
s2203b,don't;,aa,dx_d,d,30.086495,0.133505
s2203b,told;,ow,dx_d,d,123.277372,0.068066
s2203b,started;,aa,dx_t,t,259.929876,0.069696
s2203b,don't;,ah,dx_d,d,264.274848,0.107094
s2203b,don't;,ah,dx_d,d,406.81525,0.078593
s2203b,dirty;,ah,dx_t,t,430.128203,0.093496
s2203b,dirty;,ah,dx_t,t,432.481624,0.08
s2203b,sheepherder;,ah,dx_d,d,433.461624,0.091896
s2203b,older;,ow,dx_d,d,490.9085,0.06
s2203b,started;,aa,dx_t,t,506.312187,0.073942
s2301a,graduated;,uw,dx_d,d,60.735666,0.04392
s2301a,variety;,ay,dx_t,t,66.661616,0.081862
s2301a,variety;,ay,dx_t,t,84.662644,0.052153
s2301a,part;,aa,dx_t,t,115.050188,0.064048
s2301a,sort;,ao,dx_t,t,119.966125,0.042
s2301a,forty;,ao,dx_t,t,161.499194,0.050381
s2301a,forty;,ao,dx_t,t,166.441109,0.061672
s2301a,starting;,aa,dx_t,t,411.921464,0.054655
s2301a,eighties;,iy,dx_t,t,448.198938,0.212892
s2301a,started;,aa,dx_t,t,538.045201,0.123416
s2301b,hard;,aa,dx_d,d,66.224437,0.08
s2301b,part;,aa,dx_t,t,249.8535,0.06
s2301b,ended;,eh,dx_d,d,426.411338,0.050599
s2301b,ended;,ih,dx_d,d,426.487441,0.054496
s2301b,hard;,aa,dx_d,d,485.119313,0.12
s2302a,don't;,ay,dx_d,d,194.074259,0.140259
s2302a,sort;,ao,dx_t,t,306.319113,0.054199
s2302a,little;,ah,dx_t,t,379.186305,0.106846
s2302a,recording;,ao,dx_d,d,475.695562,0.064419
s2302a,recording;,ao,dx_d,d,478.710115,0.055447
s2302a,recorded;,ao,dx_d,d,491.739183,0.084317
s2302a,don't;,ey,dx_d,d,573.165625,0.422373
s2302b,don't;,ay,dx_d,d,207.571753,0.24127
s2302b,building;,ih,dx_d,d,259.030804,0.077758
s2302b,starting;,aa,dx_t,t,448.056532,0.080422
s2302b,started;,eh,dx_t,t,463.128899,0.073529
s2303a,down;,ah,dx_d,d,1.583665,0.126089
s2303a,to;,eh,dx_t,t,37.476833,0.070715
s2303a,forty;,ao,dx_t,t,229.558304,0.063127
s2303a,forty;,ao,dx_t,t,235.552348,0.049713
s2303a,part;,aa,dx_t,t,340.143729,0.053447
s2303a,it;,ey,dx_t,t,356.037766,0.076496
s2303a,it;,iy,dx_t,t,469.309655,0.067196
s2303b,part;,aa,dx_t,t,79.393433,0.071341
s2401a,forty;,ao,dx_t,t,4.719125,0.042608
s2401a,older;,ow,dx_d,d,50.156,0.09
s2401a,quarter;,ow,dx_t,t,104.089875,0.093438
s2401a,to;,iy,dx_t,t,105.94681,0.090315
s2401a,had;,eh,dx_d,d,129.737002,0.060799
s2401a,part;,ah,dx_t,t,269.59298,0.094833
s2401a,starting;,aa,dx_t,t,314.429129,0.118121
s2401a,had;,ey,dx_d,d,543.225529,0.105112
s2401a,don't;,ah,dx_d,d,597.560857,0.179331
s2402a,didn't;,ah,dx_d,d,78.327914,0.078836
s2402a,had;,ay,dx_d,d,78.82675,0.132865
s2402a,partying;,aa,dx_t,t,267.54152,0.084292
s2402a,older;,ow,dx_d,d,304.427188,0.13
s2402a,would've;,ay,dx_d,d,369.684494,0.10202
s2402a,felt;,eh,dx_t,t,384.475303,0.090684
s2402a,old;,ow,dx_d,d,460.038986,0.065953
s2403a,to;,aa,dx_t,t,15.937331,0.077973
s2403a,forty;,ao,dx_t,t,19.85,0.07
s2403a,to;,iyn,dx_t,t,107.036869,0.116944
s2403a,don't;,ah,dx_d,d,172.270811,0.094064
s2403a,to;,aan,dx_t,t,186.076869,0.077194
s2403a,childish;,aa,dx_d,d,357.655917,0.069044
s2403a,lord;,ow,dx_d,d,417.462183,0.234955
s2403a,partied;,aa,dx_t,t,425.877438,0.092575
s2403a,it;,iy,dx_t,t,551.620611,0.097898
s2501a,out;,uw,dx_t,t,171.069273,0.099406
s2501b,don't;,ae,dx_d,d,87.457875,0.09295
s2501b,to;,eh,dx_t,t,99.624075,0.05712
s2501b,started;,aa,dx_t,t,333.455445,0.056243
s2501b,building;,ih,dx_d,d,353.989774,0.060086
s2501b,didn't;,eh,dx_d,d,367.224137,0.152947
s2501b,start;,aa,dx_t,t,380.908547,0.061829
s2501b,to;,eh,dx_t,t,448.052566,0.063059
s2501b,court;,ao,dx_t,t,448.371018,0.05436
s2502a,ordered;,ao,dx_d,d,52.853076,0.077275
s2502a,eighty;,eh,dx_t,t,57.332633,0.175305
s2502a,married;,eh,dx_d,d,194.392867,0.067445
s2502a,don't;,ow,dx_d,d,250.461807,0.097135
s2502a,oldest;,ow,dx_d,d,335.376274,0.076142
s2502a,out;,ey,dx_t,t,392.183751,0.242686
s2502a,old;,ow,dx_d,d,397.033006,0.087501
s2502a,older;,ow,dx_d,d,418.737657,0.091291
s2502a,shelter;,eh,dx_t,t,442.234845,0.102171
s2502a,shelter;,eh,dx_t,t,450.072903,0.095916
s2502a,don't;,ey,dx_d,d,508.544769,0.187171
s2502a,don't;,ow,dx_d,d,509.741795,0.13102
s2502a,didn't;,ah,dx_d,d,569.617461,0.07249
s2502b,already;,ao,dx_d,d,83.379029,0.0556
s2502b,don't;,ow,dx_d,d,100.752539,0.085852
s2502b,to;,eh,dx_t,t,255.380518,0.067794
s2502b,florida;,ow,dx_d,d,272.528871,0.093389
s2502b,florida;,ao,dx_d,d,299.094,0.094984
s2502b,to;,ih,dx_t,t,387.394569,0.056667
s2502b,to;,ah,dx_t,t,398.32272,0.050431
s2503a,it;,iy,dx_t,t,20.124813,0.088464
s2503a,started;,aa,dx_t,t,62.801381,0.057446
s2503a,kind;,ay,dx_d,d,71.632913,0.053999
s2503a,don't;,ow,dx_d,d,104.607332,0.117958
s2503a,to;,eh,dx_t,t,158.877104,0.127459
s2503a,part;,aa,dx_t,t,525.345859,0.063189
s2503a,part;,aa,dx_t,t,526.763312,0.063473
s2503b,scared;,eh,dx_d,d,167.916522,0.093433
s2503b,don't;,aa,dx_d,d,215.192778,0.182409
s2503b,don't;,ae,dx_d,d,328.401476,0.095279
s2503b,old;,ow,dx_d,d,453.055664,0.08069
s2503b,forty;,ao,dx_t,t,475.587645,0.106167
s2601a,pretty;,ah,dx_t,t,386.949144,0.044201
s2601b,just;,ih,dx_t,t,316.25367,0.120205
s2602a,what;,eh,dx_t,t,390.042035,0.089528
s2602b,creative;,iy,dx_t,t,221.645125,0.199222
s2602b,building;,ih,dx_d,d,224.370991,0.127042
s2602b,build;,ih,dx_d,d,236.336113,0.074744
s2602b,don't;,ow,dx_d,d,259.859067,0.200745
s2602b,to;,ah,dx_t,t,476.563742,0.067961
s2602b,to;,ah,dx_t,t,479.399313,0.048667
s2602b,to;,ah,dx_t,t,484.314724,0.072934
s2602b,part;,aa,dx_t,t,541.120748,0.070778
s2602b,to;,ah,dx_t,t,562.370955,0.054361
s2701a,do;,ah,dx_d,d,222.031258,0.01684
s2701a,don't;,ow,dx_d,d,334.541153,0.104535
s2701a,thirty;,ah,dx_t,t,363.920321,0.154866
s2701a,started;,aa,dx_t,t,384.555204,0.121836
s2701a,heart;,aa,dx_t,t,398.653826,0.079747
s2701a,support;,ow,dx_t,t,458.625547,0.156203
s2701a,don't;,ae,dx_d,d,573.630222,0.133597
s2701b,children's;,ih,dx_d,d,63.038717,0.046422
s2701b,didn't;,ay,dx_d,d,119.18837,0.196435
s2701b,toward;,ow,dx_d,d,540.258839,0.06713
s2702a,don't;,ah,dx_d,d,69.742118,0.462159
s2702a,to;,ih,dx_t,t,142.96025,0.095501
s2702a,felt;,eh,dx_t,t,252.105232,0.060999
s2702a,to;,ay,dx_t,t,253.558392,0.067719
s2702a,to;,ah,dx_t,t,281.994018,0.104939
s2702a,don't;,ay,dx_d,d,314.468164,0.163649
s2702a,told;,ow,dx_d,d,436.071813,0.064668
s2702a,kindergarten;,ih,dx_d,d,451.572349,0.090661
s2702a,disorder;,ao,dx_d,d,561.412578,0.11786
s2702b,to;,eh,dx_t,t,51.862423,0.060135
s2702b,disorder;,ao,dx_d,d,80.419312,0.104807
s2702b,start;,aa,dx_t,t,186.75725,0.090837
s2702b,harder;,aa,dx_d,d,225.876657,0.102594
s2702b,it;,aw,dx_t,t,301.09575,0.139465
s2702b,order;,ao,dx_d,d,375.652616,0.057545
s2702b,to;,ay,dx_t,t,466.873562,0.027353
s2702b,afford;,ow,dx_d,d,524.786375,0.12
s2703a,landlord;,ao,dx_d,d,140.457625,0.07
s2703a,window;,eh,dx_d,d,165.195905,0.115006
s2703a,afford;,ow,dx_d,d,192.201611,0.11106
s2703a,don't;,ow,dx_d,d,274.151301,0.095522
s2703a,independent;,ih,dx_d,d,315.456751,0.074415
s2703a,don't;,ae,dx_d,d,322.431677,0.190635
s2703a,don't;,ow,dx_d,d,322.802312,0.22
s2703a,heard;,ah,dx_d,d,419.261757,0.106431
s2703a,smart;,aa,dx_t,t,463.779062,0.089769
s2703a,to;,ih,dx_t,t,519.659016,0.050339
s2703b,need;,iy,dx_d,d,54.445511,0.137206
s2703b,to;,ao,dx_t,t,219.779937,0.089795
s2703b,loved;,ah,dx_d,d,481.492496,0.127395
s2704a,doing;,iy,dx_d,d,193.554513,0.14975
s2801a,ended;,eh,dx_d,d,94.498,0.06184
s2801a,theater;,iy,dx_t,t,148.50225,0.088577
s2801a,quarter;,ao,dx_t,t,174.216188,0.09
s2801b,don't;,own,dx_d,d,52.425839,0.122521
s2801b,don't;,ae,dx_d,d,307.60544,0.056663
s2802a,thirty;,ah,dx_t,t,287.034439,0.060311
s2802b,weird;,iy,dx_d,d,156.644,0.15058
s2802b,building;,ih,dx_d,d,228.652999,0.097492
s2802b,and;,aan,dx_d,d,254.976407,0.079917
s2802b,got;,ay,dx_t,t,256.340214,0.154054
s2803a,part;,aa,dx_t,t,18.406351,0.073095
s2803a,would;,ae,dx_d,d,61.552602,0.065729
s2803a,it;,ah,dx_t,t,122.505322,0.05383
s2803a,quarter;,ao,dx_t,t,141.94225,0.07
s2803a,sort;,ao,dx_t,t,190.345454,0.085858
s2901a,didn't;,ah,dx_d,d,6.613136,0.119858
s2901a,that;,ao,dx_t,t,232.32643,0.054592
s2901a,limited;,ih,dx_t,t,284.280272,0.09977
s2901a,i'd;,ah,dx_d,d,286.886817,0.081058
s2901a,to;,aw,dx_t,t,491.346938,0.0543
s2901b,scared;,iy,dx_d,d,22.683219,0.0919
s2901b,majority;,ow,dx_t,t,69.182024,0.079551
s2901b,majority;,ow,dx_t,t,198.973615,0.081619
s2901b,it;,ow,dx_t,t,232.154586,0.079716
s2901b,somebody;,ah,dx_d,d,336.801545,0.103345
s2902a,to;,ih,dx_t,t,61.856096,0.020642
s2902a,at;,eh,dx_t,t,104.97305,0.108096
s2902a,had;,ay,dx_d,d,131.201392,0.128115
s2902a,had;,ih,dx_d,d,271.205469,0.094086
s2902a,party;,aa,dx_t,t,323.164954,0.066171
s2902a,yard;,aa,dx_d,d,370.102437,0.078263
s2902a,artificial;,aa,dx_t,t,410.458565,0.063068
s2902a,shorter;,ow,dx_t,t,413.143452,0.087883
s2902a,started;,aa,dx_t,t,555.944571,0.071341
s2902b,scared;,iy,dx_d,d,87.946441,0.086747
s2902b,scared;,eh,dx_d,d,90.303188,0.09
s2902b,heart;,aa,dx_t,t,219.404063,0.09
s2902b,ought;,ah,dx_t,t,286.267363,0.195973
s2902b,hard;,aa,dx_d,d,365.92925,0.089739
s2902b,don't;,ah,dx_d,d,370.758298,0.204139
s2902b,to;,ah,dx_t,t,371.415932,0.067395
s2902b,got;,ay,dx_t,t,457.156306,0.145497
s2902b,don't;,ow,dx_d,d,461.902001,0.204341
s2902b,party;,aa,dx_t,t,510.300254,0.050662
s2902b,society;,ay,dx_t,t,516.907987,0.07651
s2903a,heart;,aa,dx_t,t,29.778162,0.059846
s2903a,that;,ay,dx_t,t,70.322687,0.11
s2903a,heart;,aa,dx_t,t,91.519717,0.051768
s2903a,to;,ih,dx_t,t,127.012096,0.07221
s2903a,arteries;,aa,dx_t,t,185.310062,0.063546
s2903a,heart;,aa,dx_t,t,210.928399,0.094937
s2903a,attack;,aa,dx_t,t,268.039,0.074539
s2903a,heart;,aa,dx_t,t,277.475,0.09092
s2903a,heart;,aa,dx_t,t,280.139749,0.053816
s2903a,it'd;,ey,dx_d,d,376.809962,0.07964
s2903b,it;,ah,dx_t,t,281.760321,0.091523
s2903b,don't;,ey,dx_d,d,345.35375,0.171829
s2903b,weird;,iy,dx_d,d,386.415016,0.103609
s2903b,shelter;,eh,dx_t,t,465.381641,0.073844
s3001a,to;,ao,dx_t,t,128.034563,0.07
s3001a,forty;,ao,dx_t,t,134.646614,0.075827
s3001a,to;,ao,dx_t,t,290.086953,0.063189
s3001a,buildings;,ih,dx_d,d,354.594062,0.06
s3001a,building;,ih,dx_d,d,446.147223,0.075828
s3001a,building;,ih,dx_d,d,446.65274,0.087317
s3001a,had;,ay,dx_d,d,527.065204,0.066637
s3001a,i'd;,iy,dx_d,d,528.832207,0.151655
s3001a,at;,ey,dx_t,t,534.5652,0.160846
s3001b,thirty;,ah,dx_t,t,7.351053,0.066668
s3001b,would;,ae,dx_d,d,105.189129,0.125278
s3001b,what;,ow,dx_t,t,142.699983,0.066667
s3001b,what;,ah,dx_t,t,169.81117,0.079168
s3001b,at;,aa,dx_t,t,176.409091,0.136034
s3001b,degree;,uw,dx_d,d,193.235083,0.054162
s3001b,supported;,ow,dx_t,t,205.960084,0.054167
s3001b,supported;,ow,dx_t,t,206.782638,0.052052
s3001b,don't;,ah,dx_d,d,290.114566,0.13646
s3001b,to;,aa,dx_t,t,378.341274,0.032601
s3002a,it;,uw,dx_t,t,74.246986,0.081114
s3002a,it'll;,ah,dx_t,t,279.542429,0.058237
s3002a,at;,aa,dx_t,t,364.813585,0.121672
s3002a,would've;,ay,dx_d,d,365.271157,0.095673
s3002a,didn't;,ow,dx_d,d,402.601806,0.127125
s3002a,don't;,eh,dx_d,d,473.332975,0.104846
s3002a,it;,uw,dx_t,t,594.58153,0.070771
s3002b,forty;,ao,dx_t,t,126.991371,0.074647
s3002b,what;,ah,dx_t,t,153.223338,0.066667
s3002b,to;,iy,dx_t,t,364.568768,0.079168
s3002b,don't;,ah,dx_d,d,367.535436,0.157294
s3002b,idea;,ow,dx_d,d,416.40725,0.142892
s3002b,what;,ah,dx_t,t,438.511566,0.075684
s3002b,didn't;,ah,dx_d,d,472.171662,0.169794
s3002b,at;,uw,dx_t,t,493.219586,0.099989
s3003a,to;,eh,dx_t,t,34.263488,0.06146
s3003a,hold;,ow,dx_d,d,78.321616,0.070834
s3003a,building's;,ih,dx_d,d,113.448813,0.062672
s3003a,out-r-inn;,ah,dx_t,t,181.751561,0.200674
s3003a,days;,ao,dx_d,d,250.381297,0.068203
s3003a,don't;,ow,dx_d,d,251.0695,0.1
s3003a,florida;,ow,dx_d,d,284.19325,0.074872
s3003a,eighties;,eh,dx_t,t,326.759417,0.223772
s3003a,to;,iy,dx_t,t,399.695859,0.084376
s3003a,don't;,ey,dx_d,d,461.689288,0.114409
s3003a,eighties;,ih,dx_t,t,462.916428,0.18726
s3101a,didn't;,ah,dx_d,d,34.677532,0.089884
s3101a,started;,aa,dx_t,t,42.344468,0.058373
s3101a,quarters;,ao,dx_t,t,46.787489,0.053261
s3101a,started;,aa,dx_t,t,55.046862,0.071962
s3101a,border;,ao,dx_d,d,156.829517,0.067429
s3101a,held;,eh,dx_d,d,499.238132,0.087243
s3101a,don't;,ah,dx_d,d,553.062349,0.187353
s3101a,authority;,ao,dx_t,t,590.397094,0.108226
s3101b,restored;,ao,dx_d,d,56.864272,0.060665
s3101b,restored;,ao,dx_d,d,60.555711,0.055004
s3101b,heard;,ah,dx_d,d,80.46734,0.060417
s3101b,weirdos;,iy,dx_d,d,356.180771,0.062501
s3101b,part;,aa,dx_t,t,471.808505,0.079446
s3101b,world;,ah,dx_d,d,484.321701,0.066205
s3101b,to;,ay,dx_t,t,552.951312,0.049585
s3102a,it;,ae,dx_t,t,35.276973,0.171989
s3102a,to;,ay,dx_t,t,152.760125,0.115695
s3102a,sort;,ao,dx_t,t,279.727836,0.061196
s3102a,to;,eh,dx_t,t,569.345082,0.045106
s3102b,charter;,aa,dx_t,t,396.393613,0.080276
s3102b,don't;,uw,dx_d,d,534.907603,0.144285
s3103a,don't;,ey,dx_d,d,94.110318,0.113495
s3103a,started;,aa,dx_t,t,164.688264,0.055299
s3103a,had;,iy,dx_d,d,188.904118,0.036849
s3201a,graduating;,uw,dx_d,d,143.584437,0.091652
s3201a,attitude;,iy,dx_t,t,190.226017,0.095011
s3201a,recorded;,ao,dx_d,d,201.517574,0.055363
s3201a,out;,ih,dx_t,t,206.432299,0.153827
s3201a,already;,ay,dx_d,d,252.648718,0.106367
s3201a,started;,aa,dx_t,t,260.512957,0.084774
s3201a,that;,ah,dx_t,t,493.350462,0.109815
s3201a,inanity;,aen,dx_t,t,495.81875,0.167
s3201b,don't;,ah,dx_d,d,93.583808,0.095707
s3201b,already;,ao,dx_d,d,325.99084,0.108438
s3201b,depends;,ao,dx_d,d,348.945626,0.048657
s3201b,forty;,ao,dx_t,t,541.55475,0.06
s3202a,it;,ay,dx_t,t,254.798489,0.049721
s3202a,didn't;,ih,dx_d,d,254.83194,0.041578
s3202a,it;,uw,dx_t,t,278.764,0.07
s3202a,start;,aa,dx_t,t,280.088647,0.057057
s3202a,starting;,aa,dx_t,t,280.938188,0.066406
s3202a,designated;,ey,dx_t,t,358.304075,0.043676
s3202a,after;,ae,dx_t,t,425.439182,0.130766
s3202b,indeterminate;,ihn,dx_d,d,292.524498,0.057847
s3202b,party;,aa,dx_t,t,396.753887,0.069425
s3202b,killed;,ih,dx_d,d,446.058188,0.051187
s3202b,supporting;,ao,dx_t,t,527.21975,0.07
s3202b,supporting;,ao,dx_t,t,536.756313,0.054984
s3301a,quarter;,ao,dx_t,t,102.494615,0.060947
s3301a,part;,aa,dx_t,t,148.421275,0.040797
s3301a,sort;,ao,dx_t,t,151.846027,0.052661
s3301a,sort;,ao,dx_t,t,159.104189,0.04578
s3301a,holding;,ow,dx_d,d,383.782952,0.054396
s3301a,sort;,ao,dx_t,t,596.09175,0.054268
s3303b,it;,uw,dx_t,t,18.765209,0.066291
s3303b,protested;,eh,dx_t,t,70.299467,0.162057
s3303b,point;,oy,dx_t,t,109.303598,0.062896
s3303b,forties;,ao,dx_t,t,117.799177,0.083862
s3303b,recorder;,ao,dx_d,d,212.979821,0.054397
s3303b,sort;,ao,dx_t,t,526.580875,0.052801
s3303b,sort;,ao,dx_t,t,527.754547,0.071396
s3401a,consulting;,ah,dx_t,t,68.49523,0.058486
s3401a,called;,ao,dx_d,d,70.825499,0.059634
s3401a,what;,ey,dx_t,t,75.848589,0.106652
s3401a,started;,ah,dx_t,t,220.08517,0.061927
s3401a,started;,aa,dx_t,t,223.752842,0.072249
s3401a,forty;,ow,dx_t,t,302.336047,0.051606
s3401a,don't;,ao,dx_d,d,308.76724,0.214452
s3401b,sometimes;,ah,dx_t,t,40.844878,0.102352
s3401b,it;,uw,dx_t,t,288.362271,0.089908
s3401b,to;,ah,dx_t,t,318.570013,0.139358
s3401b,don't;,ow,dx_d,d,409.43675,0.179169
s3401b,sort;,ah,dx_t,t,413.71443,0.057077
s3401b,seemed;,iy,dx_d,d,414.458041,0.053862
s3401b,board;,ao,dx_d,d,429.258546,0.052293
s3401b,auditorium;,iy,dx_d,d,536.097045,0.093719
s3402a,don't;,ah,dx_d,d,107.240681,0.115593
s3402a,it;,ow,dx_t,t,168.181432,0.126919
s3402a,retired;,aa,dx_d,d,171.139271,0.073662
s3402a,into;,ih,dx_t,t,180.645166,0.080461
s3402a,reminded;,uw,dx_d,d,315.004284,0.109926
s3402a,forty;,ao,dx_t,t,324.494309,0.043064
s3402a,start;,aa,dx_t,t,355.879434,0.097461
s3402a,sort;,ao,dx_t,t,519.396466,0.071396
s3402b,sort;,ow,dx_t,t,25.560205,0.057712
s3402b,older;,ow,dx_d,d,61.300526,0.079849
s3402b,to;,ao,dx_t,t,92.261354,0.062834
s3402b,had;,ay,dx_d,d,92.708729,0.105459
s3402b,don't;,ay,dx_d,d,160.752219,0.192087
s3402b,to;,iy,dx_t,t,191.785398,0.045272
s3402b,sort;,ao,dx_t,t,220.840618,0.052347
s3402b,holding;,ow,dx_d,d,411.859136,0.048593
s3402b,it;,oy,dx_t,t,425.527456,0.063069
s3402b,felt;,ah,dx_t,t,551.111312,0.044458
s3403a,do;,eh,dx_d,d,55.289743,0.063463
s3403a,old;,ow,dx_d,d,83.417436,0.070689
s3403a,started;,aa,dx_t,t,247.422115,0.058836
s3403a,it'll;,iy,dx_t,t,326.895015,0.049615
s3403a,sort;,ao,dx_t,t,368.082636,0.068431
s3403a,sorta;,ao,dx_t,t,516.19488,0.065041
s3403b,sort;,ao,dx_t,t,16.330707,0.063682
s3403b,out;,ey,dx_t,t,38.39684,0.110497
s3403b,out;,ey,dx_t,t,199.589965,0.195568
s3403b,automatic;,ih,dx_t,t,218.635119,0.188631
s3403b,started;,aa,dx_t,t,305.148049,0.059515
s3403b,automatic;,iy,dx_t,t,338.791501,0.153431
s3403b,articles;,aa,dx_t,t,533.359938,0.120284
s3501a,forty;,ow,dx_t,t,92.948405,0.057095
s3501a,starting;,aa,dx_t,t,94.296455,0.074796
s3501a,told;,ow,dx_d,d,173.191313,0.06
s3501a,started;,aa,dx_t,t,372.382822,0.081687
s3501a,multiple;,ao,dx_t,t,469.089128,0.096552
s3501a,ruled;,uh,dx_d,d,471.230872,0.096552
s3501a,to;,ih,dx_t,t,493.591367,0.058993
s3501a,to;,ah,dx_t,t,537.624042,0.067228
s3502b,started;,aa,dx_t,t,150.321614,0.063752
s3502b,variety;,ay,dx_t,t,162.700508,0.092804
s3502b,different;,ah,dx_d,d,212.320452,0.040316
s3502b,departments;,ah,dx_t,t,212.516355,0.029827
s3502b,into;,ih,dx_t,t,322.172747,0.050908
s3502b,household;,ow,dx_d,d,327.109312,0.048388
s3502b,sort;,ao,dx_t,t,345.285288,0.081916
s3502b,told;,ow,dx_d,d,375.017116,0.043652
s3503a,sort;,uh,dx_t,t,74.179527,0.058905
s3503b,sort;,ao,dx_t,t,2.861504,0.049168
s3503b,starting;,aa,dx_t,t,4.096509,0.060001
s3503b,sort;,ao,dx_t,t,144.824978,0.047816
s3503b,told;,ow,dx_d,d,251.100073,0.048177
s3503b,bored;,ow,dx_d,d,378.839808,0.074817
s3503b,part;,aa,dx_t,t,449.126389,0.031409
s3503b,idea;,ow,dx_d,d,597.716163,0.104416
s3601a,partying;,aa,dx_t,t,233.56518,0.079994
s3601a,quarter;,ao,dx_t,t,244.062187,0.082136
s3601a,build;,ih,dx_d,d,343.220392,0.06158
s3601a,part;,aa,dx_t,t,533.945307,0.099005
s3601a,quality;,aa,dx_t,t,575.672763,0.08944
s3601a,out;,iy,dx_t,t,778.701614,0.235284
s3601a,to;,eh,dx_t,t,818.460408,0.053467
s3601a,don't;,iy,dx_d,d,839.998366,0.265805
s3601b,it;,aw,dx_t,t,286.615113,0.19145
s3602b,don't;,ah,dx_d,d,85.497795,0.10458
s3602b,thirty;,ah,dx_t,t,312.378319,0.073868
s3602b,had;,eh,dx_d,d,407.980177,0.120835
s3602b,graduated;,uw,dx_d,d,414.314555,0.089574
s3602b,had;,ih,dx_d,d,530.285745,0.073959
s3602b,divorce;,aa,dx_d,d,535.718034,0.085418
s3603a,older;,ow,dx_d,d,216.986291,0.061103
s3603a,don't;,ah,dx_d,d,223.658221,0.085958
s3603a,don't;,aa,dx_d,d,227.47243,0.099734
s3603b,shelter;,eh,dx_t,t,63.953643,0.09306
s3603b,part;,aa,dx_t,t,225.133477,0.08272
s3603b,sheltered;,eh,dx_t,t,227.036054,0.089613
s3603b,shelter;,eh,dx_t,t,231.829253,0.086166
s3701a,florida;,ao,dx_d,d,289.211313,0.051452
s3701b,had;,ah,dx_d,d,72.188516,0.061587
s3701b,sort;,ao,dx_t,t,228.206918,0.042597
s3701b,sort;,ao,dx_t,t,229.41565,0.057787
s3701b,it;,uw,dx_t,t,539.009368,0.1034
s3702a,strip;,iy,dx_t,t,13.682518,0.13443
s3703a,start;,aa,dx_t,t,168.085967,0.068076
s3703a,sort;,ao,dx_t,t,183.181991,0.050168
s3703a,forty;,ao,dx_t,t,301.979699,0.060472
s3703a,don't;,aa,dx_d,d,425.297671,0.07916
s3703a,don't;,own,dx_d,d,425.459043,0.182001
s3703a,didn't;,ow,dx_d,d,451.079562,0.12445
s3703b,border;,ow,dx_d,d,165.988409,0.057444
s3703b,out;,ah,dx_t,t,368.980345,0.202854
s3703b,hard;,aa,dx_d,d,385.520461,0.090661
s3703b,sorta;,ao,dx_t,t,466.038775,0.053263
s3801a,graduated;,uw,dx_d,d,32.677709,0.109145
s3801a,started;,aa,dx_t,t,36.677021,0.076975
s3801a,at;,iy,dx_t,t,140.519313,0.071476
s3801a,started;,aa,dx_t,t,156.199937,0.08
s3801a,orderly;,ao,dx_d,d,158.04159,0.098347
s3801a,buildings;,ih,dx_d,d,181.109625,0.074529
s3801a,buildings;,ih,dx_d,d,227.646625,0.113137
s3801a,buildings;,ih,dx_d,d,266.041688,0.12
s3801b,forty;,ao,dx_t,t,114.604498,0.081939
s3801b,quarter;,ao,dx_t,t,150.591058,0.063837
s3801b,started;,aa,dx_t,t,243.318467,0.082864
s3801b,started;,aa,dx_t,t,249.592867,0.09682
s3801b,field;,iy,dx_d,d,275.471669,0.072201
s3801b,quarter;,ao,dx_t,t,277.618188,0.06
s3801b,don't;,ow,dx_d,d,407.590614,0.231908
s3801b,old;,ow,dx_d,d,442.235954,0.150546
s3802a,don't;,ah,dx_d,d,21.793588,0.109763
s3802a,don't;,ah,dx_d,d,111.558219,0.278864
s3802a,out;,ow,dx_t,t,190.835915,0.268798
s3802a,don't;,ah,dx_d,d,195.155259,0.297542
s3802a,built;,ih,dx_t,t,265.376618,0.079339
s3802a,kindergarten;,aa,dx_d,d,334.983255,0.093754
s3802a,graduated;,uw,dx_d,d,335.888875,0.147169
s3802a,graduated;,uw,dx_d,d,350.225,0.069362
s3802a,don't;,ow,dx_d,d,369.782933,0.192352
s3802a,out;,eh,dx_t,t,418.056898,0.258317
s3802a,built;,ih,dx_t,t,431.881813,0.115148
s3802a,to;,uh,dx_t,t,440.122354,0.100202
s3802a,don't;,ow,dx_d,d,485.009,0.210908
s3802a,forty;,ao,dx_t,t,498.03525,0.07395
s3802b,adult;,ao,dx_d,d,33.194015,0.096971
s3802b,older;,ow,dx_d,d,159.445311,0.079251
s3802b,don't;,eh,dx_d,d,170.100657,0.259336
s3802b,old;,ow,dx_d,d,186.574985,0.095827
s3802b,it;,ow,dx_t,t,220.51359,0.108614
s3802b,started;,aa,dx_t,t,258.857183,0.137169
s3802b,called;,ao,dx_d,d,266.285455,0.102149
s3802b,out;,ow,dx_t,t,313.61628,0.229506
s3802b,forty;,ao,dx_t,t,376.518937,0.07
s3802b,seventy;,ih,dx_t,t,385.393313,0.07
s3802b,seventy;,ih,dx_t,t,413.36925,0.08
s3802b,into;,ih,dx_t,t,435.507813,0.1
s3802b,want;,aa,dx_t,t,497.065437,0.06
s3803a,to;,iy,dx_t,t,23.025668,0.202066
s3803a,don't;,ah,dx_d,d,28.611315,0.225213
s3803a,majority;,ow,dx_t,t,34.632717,0.122934
s3803a,at;,iy,dx_t,t,99.975676,0.08011
s3803a,told;,ow,dx_d,d,129.590527,0.06982
s3803a,it;,iy,dx_t,t,279.742301,0.097922
s3803a,florida;,ow,dx_d,d,317.433243,0.191274
s3901a,part;,aa,dx_t,t,95.945755,0.048253
s3901a,hilliard;,ah,dx_d,d,177.037937,0.06
s3901a,i'd;,ae,dx_d,d,291.1945,0.152309
s3901a,graduated;,uw,dx_d,d,401.221213,0.047104
s3901a,party;,aa,dx_t,t,411.510737,0.073528
s3901a,priority;,ay,dx_t,t,454.546124,0.097655
s3901a,partiers;,aa,dx_t,t,543.322654,0.075408
s3901b,starting;,aa,dx_t,t,32.817056,0.056275
s3901b,start;,aa,dx_t,t,41.249592,0.055304
s3901b,to;,aw,dx_t,t,121.830963,0.078958
s3901b,quarter;,ao,dx_t,t,329.410375,0.06
s3901b,required;,ay,dx_d,d,332.390376,0.099999
s3901b,started;,aa,dx_t,t,341.301949,0.071602
s3901b,parties;,aa,dx_t,t,404.274193,0.049089
s3901b,society;,ay,dx_t,t,481.648861,0.093936
s3901b,told;,ow,dx_d,d,560.881062,0.06
s3902a,forty;,ao,dx_t,t,19.2495,0.065621
s3902a,society;,ay,dx_t,t,77.694653,0.08922
s3902a,start;,aa,dx_t,t,91.231187,0.073734
s3902a,it;,ay,dx_t,t,232.753424,0.148394
s3902a,don't;,eh,dx_d,d,382.124891,0.139391
s3902a,quarter;,ao,dx_t,t,533.074541,0.059357
s3902b,adriatico's;,ih,dx_t,t,78.769218,0.088917
s3902b,article;,ao,dx_t,t,255.026974,0.096155
s3902b,article;,ao,dx_t,t,262.238021,0.079612
s3902b,supporting;,ow,dx_t,t,313.59631,0.054354
s3902b,don't;,iy,dx_d,d,485.815214,0.134409
s3902b,party;,aa,dx_t,t,578.173131,0.092928
s3902b,party;,aa,dx_t,t,589.552327,0.05553
s3903a,party;,aa,dx_t,t,25.025222,0.073528
s3903a,don't;,ow,dx_d,d,50.02478,0.173942
s3903a,society;,ay,dx_t,t,216.415568,0.067316
s3903b,old;,ow,dx_d,d,41.188876,0.076975
s3903b,parties;,aa,dx_t,t,81.521312,0.06
s3903b,parties;,aa,dx_t,t,82.26002,0.059742
s3903b,parties;,aa,dx_t,t,88.037825,0.065486
s3903b,field;,iy,dx_d,d,160.6875,0.136477
s3903b,starting;,aa,dx_t,t,177.019982,0.042509
s3903b,started;,aa,dx_t,t,177.509413,0.088464
s3903b,thirty;,ah,dx_t,t,339.288188,0.138759
s3903b,forty;,ao,dx_t,t,341.367436,0.067784
s4001a,started;,ah,dx_t,t,91.557204,0.06722
s4001a,quarter;,ao,dx_t,t,92.099707,0.109221
s4001a,end;,eh,dx_d,d,136.510505,0.054534
s4001a,sort;,ao,dx_t,t,207.004125,0.06
s4001a,build;,ih,dx_d,d,222.300887,0.061457
s4001a,sort;,ao,dx_t,t,234.158667,0.06869
s4001a,what;,iy,dx_t,t,259.58875,0.086665
s4001a,hardest;,aa,dx_d,d,300.153155,0.05922
s4001a,to;,iy,dx_t,t,313.201702,0.092282
s4001a,sort;,ao,dx_t,t,349.845702,0.062081
s4001a,part;,aa,dx_t,t,378.013,0.068657
s4001b,sorta;,ao,dx_t,t,178.260879,0.046335
s4001b,older;,ow,dx_d,d,186.417802,0.05972
s4001b,it;,ay,dx_t,t,217.456241,0.124095
s4001b,sort;,ao,dx_t,t,237.370628,0.060753
s4001b,sort;,ah,dx_t,t,264.659388,0.045171
s4001b,older;,ow,dx_d,d,294.338686,0.044059
s4001b,started;,aa,dx_t,t,301.546914,0.0714
s4001b,don't;,ah,dx_d,d,348.418532,0.07628
s4001b,sort;,ow,dx_t,t,530.111403,0.05641
s4001b,sort;,ah,dx_t,t,552.078896,0.044874
s4002a,sort;,ao,dx_t,t,45.814359,0.047105
s4002a,fault;,ao,dx_t,t,209.408438,0.06
s4002a,verdict;,ah,dx_d,d,217.473979,0.067708
s4002a,sort;,ao,dx_t,t,236.753,0.08
s4002a,parties;,aa,dx_t,t,426.467813,0.133196
s4002a,part;,aa,dx_t,t,476.645958,0.06698
s4002a,idea;,iy,dx_d,d,485.214812,0.094982
s4002a,part;,aa,dx_t,t,541.722935,0.07019
s4002a,part;,aa,dx_t,t,559.800568,0.089636
s4002b,to;,ow,dx_t,t,45.314909,0.190307
s4002b,sorta;,ow,dx_t,t,50.789119,0.063435
s4002b,it;,iy,dx_t,t,113.85673,0.071755
s4002b,hold;,ow,dx_d,d,288.329654,0.049917
s4002b,support;,ow,dx_t,t,463.531345,0.082729
s4003a,thirty;,ah,dx_t,t,51.026135,0.159356
s4003a,don't;,ey,dx_d,d,51.918697,0.148089
s4003a,at;,iy,dx_t,t,83.7765,0.090716
s4003a,at;,iy,dx_t,t,269.408063,0.117888
s4003a,weird;,iy,dx_d,d,337.674741,0.059276
s4003a,would;,aa,dx_d,d,484.459634,0.131303
s4003b,sort;,ao,dx_t,t,49.936063,0.08
s4003b,forty;,ao,dx_t,t,53.140284,0.065779
s4003b,sort;,ao,dx_t,t,60.401813,0.064972
s4003b,older;,ow,dx_d,d,90.140114,0.085771
s4003b,forty;,ao,dx_t,t,107.960628,0.059877
